id_criterio,documento,criterio,cita_literal,pagina,id_tema,ruta_tema,articulos,duplicado_de
C01,R1_COFECE_PMR_lacteos.pdf,Para determinar el mercado relevante se identifican los bienes que el consumidor considera sustitutos razonables y el área geográfica en que se ofrecen.,"Para determinar el mercado relevante, esta Comisión debe identificar los bienes o servicios que el consumidor considera sustitutos razonables",2,T06,Análisis económico > Mercado relevante > Definición,LFCE 58,
C02,R1_COFECE_PMR_lacteos.pdf,"La participación de mercado no basta para acreditar poder sustancial; deben analizarse también barreras a la entrada, competidores y acceso a insumos.",La participación de mercado no basta por sí sola para acreditar poder sustancial,2,T08,Análisis económico > Poder sustancial,LFCE 59,
C03,R1_COFECE_PMR_lacteos.pdf,"Una cláusula que condiciona la venta o el suministro a que el cliente no adquiera productos de un competidor actualiza la exclusividad del artículo 56, fracción IV.",Una cláusula de exclusividad impuesta a puntos de venta constituye la conducta prevista en la fracción IV del artículo 56 de la Ley,2,T12,Prácticas monopólicas relativas > Conductas > Exclusividad,LFCE 56-IV,
C04,R1_COFECE_PMR_lacteos.pdf,"El comodato de equipos condicionado a su uso exclusivo puede tener efectos equivalentes a una exclusividad expresa, aunque el contrato no prohíba literalmente comprar a terceros.",La entrega de equipos en comodato condicionada a su uso exclusivo puede tener efectos equivalentes a una cláusula de exclusividad expresa,2,T13,Prácticas monopólicas relativas > Conductas > Comodato y uso de activos,LFCE 56-IV,
C05,R1_COFECE_PMR_lacteos.pdf,El derecho de propiedad sobre un activo no autoriza usarlo para cerrar el acceso de competidores a los puntos de venta.,el derecho de propiedad no autoriza el uso de un activo para cerrar el acceso de los competidores a los puntos de venta,2,T24,Derechos > Propiedad y competencia,,
C06,R1_COFECE_PMR_lacteos.pdf,Para acreditar una práctica monopólica relativa basta que la conducta tenga o pueda tener por objeto o efecto el desplazamiento indebido; no se exige que se haya consumado.,Para acreditar una práctica monopólica relativa no es necesario demostrar que el desplazamiento se consumó,2,T11,Prácticas monopólicas relativas > Elementos > Objeto o efecto,LFCE 54,
C07,R1_COFECE_PMR_lacteos.pdf,La proporción de puntos de venta del mercado sujetos a exclusividad es un indicador relevante del cierre de mercado.,"La cobertura de las cláusulas de exclusividad, medida como la proporción de los puntos de venta del mercado relevante sujetos a ellas, es un indicador relevante del cierre del mercado",2,T14,Prácticas monopólicas relativas > Cierre de mercado,,
C08,R1_COFECE_PMR_lacteos.pdf,"El agente debe probar las ganancias en eficiencia, que deben ser verificables, específicas de la conducta y trasladarse al consumidor.",Corresponde al agente económico probar las ganancias en eficiencia que alegue,3,T15,Prácticas monopólicas relativas > Ganancias en eficiencia,LFCE 55,
C09,R1_COFECE_PMR_lacteos.pdf,"La multa se individualiza considerando gravedad, daño, intencionalidad, participación de mercado, tamaño del mercado, duración y capacidad económica.","Para individualizar la multa, esta Comisión debe considerar la gravedad de la infracción",3,T21,Sanciones > Individualización de la multa,LFCE 130,
C10,R2_COFECE_CNT_farmacias.pdf,"El análisis de una concentración busca determinar si tiene por objeto o efecto obstaculizar, disminuir, dañar o impedir la competencia.",El análisis de una concentración tiene por objeto determinar si esta tiene por objeto o efecto obstaculizar,1,T17,Concentraciones > Objeto del análisis,LFCE 63; LFCE 64,
C11,R2_COFECE_CNT_farmacias.pdf,Definir el mercado relevante exige identificar los productos sustitutos para el consumidor y el área geográfica en que compiten los oferentes.,La determinación del mercado relevante exige identificar los productos que los consumidores consideran sustitutos,1,T06,Análisis económico > Mercado relevante > Definición,LFCE 58,C01
C12,R2_COFECE_CNT_farmacias.pdf,"En la venta minorista de medicamentos el mercado geográfico tiende a ser local, porque los consumidores no se desplazan grandes distancias.","En la venta minorista de medicamentos, el mercado geográfico tiende a ser local",1,T07,Análisis económico > Mercado relevante > Dimensión geográfica,,
C13,R2_COFECE_CNT_farmacias.pdf,"Los índices de concentración son un indicador inicial, no concluyente; un incremento elevado del IHH exige un análisis más detallado.",Los índices de concentración son un indicador inicial y no un criterio concluyente,2,T10,Análisis económico > Índices de concentración,,
C14,R2_COFECE_CNT_farmacias.pdf,"La posible entrada de competidores solo atenúa los riesgos de una concentración si es probable, oportuna y suficiente.","La posibilidad de entrada de nuevos competidores solo atenúa los riesgos de una concentración si es probable, oportuna y suficiente",2,T09,Análisis económico > Barreras a la entrada,,
C15,R2_COFECE_CNT_farmacias.pdf,Una concentración puede autorizarse con condiciones si estas bastan para corregir los riesgos y guardan proporción con ellos.,Esta Comisión puede autorizar una concentración sujeta a condiciones cuando estas sean suficientes para corregir los riesgos identificados,2,T18,Concentraciones > Condiciones > Suficiencia y proporcionalidad,LFCE 90,
C16,R2_COFECE_CNT_farmacias.pdf,"Los remedios estructurales, como la desinversión, son preferibles cuando los riesgos se concentran en mercados locales identificables.","Las condiciones estructurales, como la desinversión de establecimientos, son preferibles cuando los riesgos se concentran en mercados locales identificables",2,T19,Concentraciones > Condiciones > Remedios estructurales,LFCE 90,
C17,R3_PJF_JD_amparo_lacteos.pdf,Las resoluciones de la COFECE solo se impugnan mediante amparo indirecto y no son objeto de suspensión.,Las resoluciones de la Comisión Federal de Competencia Económica solo pueden impugnarse mediante el juicio de amparo indirecto,1,T02,Procedimiento > Vía de impugnación,CPEUM 28,
C18,R3_PJF_JD_amparo_lacteos.pdf,"El control judicial de determinaciones técnicas no sustituye el criterio de la Comisión; verifica que su razonamiento sea completo, coherente y probado.",El control judicial de las determinaciones técnicas de la Comisión no consiste en sustituir su criterio,1,T03,Procedimiento > Estándar de control judicial,,
C19,R3_PJF_JD_amparo_lacteos.pdf,Una participación de mercado elevada no basta para acreditar poder sustancial; deben valorarse barreras a la entrada y posición de competidores.,una participación de mercado elevada no es suficiente para tener por acreditado el poder sustancial,1,T08,Análisis económico > Poder sustancial,LFCE 59,C02
C20,R3_PJF_JD_amparo_lacteos.pdf,"Una práctica monopólica puede acreditarse con prueba indiciaria si los indicios son plurales, concordantes y están enlazados.",La autoridad de competencia puede acreditar una práctica monopólica mediante prueba indiciaria,2,T04,Procedimiento > Prueba > Prueba indiciaria,,
C21,R3_PJF_JD_amparo_lacteos.pdf,Individualizar la multa exige explicar cómo se ponderó cada elemento del artículo 130; enumerarlos no basta para motivar.,la sola enumeración de esos elementos no satisface el deber de motivación,2,T22,Sanciones > Motivación de la multa,LFCE 130,
C22,R3_PJF_JD_amparo_lacteos.pdf,"Si el vicio se limita a la motivación de la multa, el amparo se concede para que se emita una nueva sanción, sin afectar la acreditación de la conducta.","Cuando el vicio se limita a la motivación de la multa, el amparo se concede para el efecto de que la autoridad emita una nueva determinación sobre la sanción",2,T23,Amparo > Efectos de la concesión,,
